{"v":"5.8.1","fr":30,"ip":0,"op":91,"w":500,"h":500,"nm":"Add_Profile_Picture","ddd":0,"assets":[{"id":"comp_0","nm":"Man","fr":30,"layers":[{"ddd":0,"ind":1,"ty":3,"nm":"Null 1","sr":1,"ks":{"o":{"a":0,"k":0,"ix":11},"r":{"a":0,"k":0,"ix":10},"p":{"a":1,"k":[{"i":{"x":0,"y":1},"o":{"x":0.333,"y":0},"t":16,"s":[249.625,247.365,0],"to":[-1.667,0,0],"ti":[1.667,0,0]},{"i":{"x":0,"y":0},"o":{"x":0.333,"y":0.333},"t":36,"s":[239.625,247.365,0],"to":[0,0,0],"ti":[0,0,0]},{"i":{"x":0,"y":1},"o":{"x":0.333,"y":0},"t":46,"s":[239.625,247.365,0],"to":[1.667,0,0],"ti":[-1.667,0,0]},{"t":66,"s":[249.625,247.365,0]}],"ix":2,"l":2},"a":{"a":0,"k":[50,50,0],"ix":1,"l":2},"s":{"a":0,"k":[100,100,100],"ix":6,"l":2}},"ao":0,"ip":0,"op":300,"st":0,"bm":0},{"ddd":0,"ind":2,"ty":4,"nm":"Eye R","parent":1,"sr":1,"ks":{"o":{"a":0,"k":100,"ix":11},"r":{"a":0,"k":0,"ix":10},"p":{"a":0,"k":[74.375,28.635,0],"ix":2,"l":2},"a":{"a":0,"k":[-24.75,-24,0],"ix":1,"l":2},"s":{"a":0,"k":[100,100,100],"ix":6,"l":2}},"ao":0,"shapes":[{"ty":"gr","it":[{"ty":"rc","d":1,"s":{"a":1,"k":[{"i":{"x":[0.667,0.667],"y":[1,1]},"o":{"x":[0.333,0.333],"y":[0,0]},"t":36,"s":[21.5,21.5]},{"i":{"x":[0.667,0.667],"y":[1,1]},"o":{"x":[0.333,0.333],"y":[0,0]},"t":41,"s":[21.5,5]},{"t":46,"s":[21.5,21.5]}],"ix":2},"p":{"a":0,"k":[0,0],"ix":3},"r":{"a":0,"k":20,"ix":4},"nm":"Rectangle Path 1","mn":"ADBE Vector Shape - Rect","hd":false},{"ty":"st","c":{"a":0,"k":[0.341175991881,0.670587995941,0.709803981407,1],"ix":3},"o":{"a":0,"k":100,"ix":4},"w":{"a":0,"k":0,"ix":5},"lc":1,"lj":1,"ml":4,"bm":0,"nm":"Stroke 1","mn":"ADBE Vector Graphic - Stroke","hd":false},{"ty":"fl","c":{"a":0,"k":[0,0,0,1],"ix":4},"o":{"a":0,"k":100,"ix":5},"r":1,"bm":0,"nm":"Fill 1","mn":"ADBE Vector Graphic - Fill","hd":false},{"ty":"tr","p":{"a":0,"k":[-24.75,-24],"ix":2},"a":{"a":0,"k":[0,0],"ix":1},"s":{"a":0,"k":[100,100],"ix":3},"r":{"a":0,"k":0,"ix":6},"o":{"a":0,"k":100,"ix":7},"sk":{"a":0,"k":0,"ix":4},"sa":{"a":0,"k":0,"ix":5},"nm":"Transform"}],"nm":"Rectangle 1","np":3,"cix":2,"bm":0,"ix":1,"mn":"ADBE Vector Group","hd":false}],"ip":0,"op":300,"st":0,"bm":0},{"ddd":0,"ind":3,"ty":4,"nm":"Eye L","parent":1,"sr":1,"ks":{"o":{"a":0,"k":100,"ix":11},"r":{"a":0,"k":0,"ix":10},"p":{"a":0,"k":[25.625,28.635,0],"ix":2,"l":2},"a":{"a":0,"k":[-24.75,-24,0],"ix":1,"l":2},"s":{"a":0,"k":[100,100,100],"ix":6,"l":2}},"ao":0,"shapes":[{"ty":"gr","it":[{"ty":"rc","d":1,"s":{"a":1,"k":[{"i":{"x":[0.667,0.667],"y":[1,1]},"o":{"x":[0.333,0.333],"y":[0,0]},"t":36,"s":[21.5,21.5]},{"i":{"x":[0.667,0.667],"y":[1,1]},"o":{"x":[0.333,0.333],"y":[0,0]},"t":41,"s":[21.5,5]},{"t":46,"s":[21.5,21.5]}],"ix":2},"p":{"a":0,"k":[0,0],"ix":3},"r":{"a":0,"k":20,"ix":4},"nm":"Rectangle Path 1","mn":"ADBE Vector Shape - Rect","hd":false},{"ty":"st","c":{"a":0,"k":[0.341175991881,0.670587995941,0.709803981407,1],"ix":3},"o":{"a":0,"k":100,"ix":4},"w":{"a":0,"k":0,"ix":5},"lc":1,"lj":1,"ml":4,"bm":0,"nm":"Stroke 1","mn":"ADBE Vector Graphic - Stroke","hd":false},{"ty":"fl","c":{"a":0,"k":[0,0,0,1],"ix":4},"o":{"a":0,"k":100,"ix":5},"r":1,"bm":0,"nm":"Fill 1","mn":"ADBE Vector Graphic - Fill","hd":false},{"ty":"tr","p":{"a":0,"k":[-24.75,-24],"ix":2},"a":{"a":0,"k":[0,0],"ix":1},"s":{"a":0,"k":[100,100],"ix":3},"r":{"a":0,"k":0,"ix":6},"o":{"a":0,"k":100,"ix":7},"sk":{"a":0,"k":0,"ix":4},"sa":{"a":0,"k":0,"ix":5},"nm":"Transform"}],"nm":"Rectangle 1","np":3,"cix":2,"bm":0,"ix":1,"mn":"ADBE Vector Group","hd":false}],"ip":0,"op":300,"st":0,"bm":0},{"ddd":0,"ind":4,"ty":4,"nm":"Matte(Mouth)","parent":6,"td":1,"sr":1,"ks":{"o":{"a":0,"k":100,"ix":11},"r":{"a":0,"k":0,"ix":10},"p":{"a":0,"k":[250.185,268.731,0],"ix":2,"l":2},"a":{"a":0,"k":[250.185,268.731,0],"ix":1,"l":2},"s":{"a":0,"k":[100,100,100],"ix":6,"l":2}},"ao":0,"shapes":[{"ty":"gr","it":[{"ind":0,"ty":"sh","ix":1,"ks":{"a":1,"k":[{"i":{"x":0,"y":1},"o":{"x":0.333,"y":0},"t":16,"s":[{"i":[[0,0],[-0.109,-3.41],[0.147,-0.569],[16.513,4.281],[2.814,10.856],[-3.303,0.855],[-0.588,-0.019]],"o":[[3.41,-0.109],[0.019,0.588],[-4.281,16.513],[-10.856,-2.814],[-0.855,-3.303],[0.569,-0.147],[0,0]],"v":[[23.723,-15.432],[30.094,-9.454],[29.901,-7.71],[-7.751,14.439],[-29.899,-7.71],[-25.466,-15.238],[-23.721,-15.432]],"c":true}]},{"i":{"x":0,"y":1},"o":{"x":0.333,"y":0},"t":36,"s":[{"i":[[0,0],[-0.101,-2.28],[0.138,-0.381],[15.39,2.863],[2.619,7.261],[-3.078,0.572],[-0.548,-0.013]],"o":[[3.178,-0.073],[0.017,0.393],[-3.99,11.042],[-10.118,-1.882],[-0.797,-2.209],[0.531,-0.099],[0,0]],"v":[[22.088,-9.793],[28.026,-5.795],[27.846,-4.629],[-7.245,10.182],[-27.888,-4.629],[-23.756,-9.663],[-22.13,-9.793]],"c":true}]},{"i":{"x":0,"y":1},"o":{"x":0.333,"y":0},"t":46,"s":[{"i":[[0,0],[-0.101,-2.28],[0.138,-0.381],[15.39,2.863],[2.619,7.261],[-3.078,0.572],[-0.548,-0.013]],"o":[[3.178,-0.073],[0.017,0.393],[-3.99,11.042],[-10.118,-1.882],[-0.797,-2.209],[0.531,-0.099],[0,0]],"v":[[22.088,-9.793],[28.026,-5.795],[27.846,-4.629],[-7.245,10.182],[-27.888,-4.629],[-23.756,-9.663],[-22.13,-9.793]],"c":true}]},{"t":66,"s":[{"i":[[0,0],[-0.109,-3.41],[0.147,-0.569],[16.513,4.281],[2.814,10.856],[-3.303,0.855],[-0.588,-0.019]],"o":[[3.41,-0.109],[0.019,0.588],[-4.281,16.513],[-10.856,-2.814],[-0.855,-3.303],[0.569,-0.147],[0,0]],"v":[[23.723,-15.432],[30.094,-9.454],[29.901,-7.71],[-7.751,14.439],[-29.899,-7.71],[-25.466,-15.238],[-23.721,-15.432]],"c":true}]}],"ix":2},"nm":"Path 1","mn":"ADBE Vector Shape - Group","hd":false},{"ty":"fl","c":{"a":0,"k":[0.411764711142,0.109803922474,0.141176477075,1],"ix":4},"o":{"a":0,"k":100,"ix":5},"r":1,"bm":0,"nm":"Fill 1","mn":"ADBE Vector Graphic - Fill","hd":false},{"ty":"tr","p":{"a":0,"k":[250.185,268.705],"ix":2},"a":{"a":0,"k":[0,0],"ix":1},"s":{"a":0,"k":[100,100],"ix":3},"r":{"a":0,"k":0,"ix":6},"o":{"a":0,"k":100,"ix":7},"sk":{"a":0,"k":0,"ix":4},"sa":{"a":0,"k":0,"ix":5},"nm":"Transform"}],"nm":"Group 3","np":2,"cix":2,"bm":0,"ix":1,"mn":"ADBE Vector Group","hd":false}],"ip":0,"op":300,"st":0,"bm":0},{"ddd":0,"ind":5,"ty":4,"nm":"Mouth 2","parent":6,"tt":1,"sr":1,"ks":{"o":{"a":0,"k":100,"ix":11},"r":{"a":0,"k":0,"ix":10},"p":{"a":0,"k":[250.185,268.731,0],"ix":2,"l":2},"a":{"a":0,"k":[250.185,268.731,0],"ix":1,"l":2},"s":{"a":0,"k":[100,100,100],"ix":6,"l":2}},"ao":0,"shapes":[{"ty":"gr","it":[{"ind":0,"ty":"sh","ix":1,"ks":{"a":0,"k":{"i":[[0,0],[0,0],[1.238,-0.033],[0,0],[0,1.239],[0,0]],"o":[[0,0],[0,1.239],[0,0],[-1.238,-0.033],[0,0],[0,0]],"v":[[17.668,-4.077],[17.668,1.792],[15.444,4.077],[-15.444,4.077],[-17.668,1.792],[-17.668,-4.077]],"c":true},"ix":2},"nm":"Path 1","mn":"ADBE Vector Shape - Group","hd":false},{"ty":"fl","c":{"a":0,"k":[1,1,1,1],"ix":4},"o":{"a":0,"k":100,"ix":5},"r":1,"bm":0,"nm":"Fill 1","mn":"ADBE Vector Graphic - Fill","hd":false},{"ty":"tr","p":{"a":1,"k":[{"i":{"x":0,"y":1},"o":{"x":0.333,"y":0},"t":16,"s":[250.062,257.351],"to":[0,0.667],"ti":[0,-0.667]},{"i":{"x":0,"y":1},"o":{"x":0.333,"y":0},"t":36,"s":[250.062,261.351],"to":[0,0],"ti":[0,0]},{"i":{"x":0,"y":1},"o":{"x":0.333,"y":0},"t":46,"s":[250.062,261.351],"to":[0,-0.667],"ti":[0,0.667]},{"t":66,"s":[250.062,257.351]}],"ix":2},"a":{"a":0,"k":[0,0],"ix":1},"s":{"a":0,"k":[100,100],"ix":3},"r":{"a":0,"k":0,"ix":6},"o":{"a":0,"k":100,"ix":7},"sk":{"a":0,"k":0,"ix":4},"sa":{"a":0,"k":0,"ix":5},"nm":"Transform"}],"nm":"Group 1","np":2,"cix":2,"bm":0,"ix":1,"mn":"ADBE Vector Group","hd":false},{"ty":"gr","it":[{"ind":0,"ty":"sh","ix":1,"ks":{"a":0,"k":{"i":[[-1.236,-7.599],[9.303,5.145],[-7.475,0]],"o":[[-9.303,5.145],[1.236,-7.599],[7.475,0]],"v":[[14.95,2.92],[-14.95,2.92],[0,-6.779]],"c":true},"ix":2},"nm":"Path 1","mn":"ADBE Vector Shape - Group","hd":false},{"ty":"fl","c":{"a":0,"k":[0.745098054409,0.117647059262,0.176470592618,1],"ix":4},"o":{"a":0,"k":100,"ix":5},"r":1,"bm":0,"nm":"Fill 1","mn":"ADBE Vector Graphic - Fill","hd":false},{"ty":"tr","p":{"a":1,"k":[{"i":{"x":0,"y":1},"o":{"x":0.333,"y":0},"t":16,"s":[250,277.412],"to":[0,-0.333],"ti":[0,0.333]},{"i":{"x":0,"y":1},"o":{"x":0.333,"y":0},"t":36,"s":[250,275.412],"to":[0,0],"ti":[0,0]},{"i":{"x":0,"y":1},"o":{"x":0.333,"y":0},"t":46,"s":[250,275.412],"to":[0,0.333],"ti":[0,-0.333]},{"t":66,"s":[250,277.412]}],"ix":2},"a":{"a":0,"k":[0,0],"ix":1},"s":{"a":0,"k":[100,100],"ix":3},"r":{"a":0,"k":0,"ix":6},"o":{"a":0,"k":100,"ix":7},"sk":{"a":0,"k":0,"ix":4},"sa":{"a":0,"k":0,"ix":5},"nm":"Transform"}],"nm":"Group 2","np":2,"cix":2,"bm":0,"ix":2,"mn":"ADBE Vector Group","hd":false}],"ip":0,"op":300,"st":0,"bm":0},{"ddd":0,"ind":6,"ty":4,"nm":"Mouth","parent":1,"sr":1,"ks":{"o":{"a":0,"k":100,"ix":11},"r":{"a":0,"k":0,"ix":10},"p":{"a":0,"k":[50.56,71.365,0],"ix":2,"l":2},"a":{"a":0,"k":[250.185,268.731,0],"ix":1,"l":2},"s":{"a":0,"k":[100,100,100],"ix":6,"l":2}},"ao":0,"shapes":[{"ty":"gr","it":[{"ind":0,"ty":"sh","ix":1,"ks":{"a":1,"k":[{"i":{"x":0,"y":1},"o":{"x":0.333,"y":0},"t":16,"s":[{"i":[[0,0],[-0.109,-3.41],[0.147,-0.569],[16.513,4.281],[2.814,10.856],[-3.303,0.855],[-0.588,-0.019]],"o":[[3.41,-0.109],[0.019,0.588],[-4.281,16.513],[-10.856,-2.814],[-0.855,-3.303],[0.569,-0.147],[0,0]],"v":[[23.723,-15.432],[30.094,-9.454],[29.901,-7.71],[-7.751,14.439],[-29.899,-7.71],[-25.466,-15.238],[-23.721,-15.432]],"c":true}]},{"i":{"x":0,"y":1},"o":{"x":0.333,"y":0},"t":36,"s":[{"i":[[0,0],[-0.101,-2.28],[0.138,-0.381],[15.39,2.863],[2.619,7.261],[-3.078,0.572],[-0.548,-0.013]],"o":[[3.178,-0.073],[0.017,0.393],[-3.99,11.042],[-10.118,-1.882],[-0.797,-2.209],[0.531,-0.099],[0,0]],"v":[[22.088,-9.793],[28.026,-5.795],[27.846,-4.629],[-7.245,10.182],[-27.888,-4.629],[-23.756,-9.663],[-22.13,-9.793]],"c":true}]},{"i":{"x":0,"y":1},"o":{"x":0.333,"y":0},"t":46,"s":[{"i":[[0,0],[-0.101,-2.28],[0.138,-0.381],[15.39,2.863],[2.619,7.261],[-3.078,0.572],[-0.548,-0.013]],"o":[[3.178,-0.073],[0.017,0.393],[-3.99,11.042],[-10.118,-1.882],[-0.797,-2.209],[0.531,-0.099],[0,0]],"v":[[22.088,-9.793],[28.026,-5.795],[27.846,-4.629],[-7.245,10.182],[-27.888,-4.629],[-23.756,-9.663],[-22.13,-9.793]],"c":true}]},{"t":66,"s":[{"i":[[0,0],[-0.109,-3.41],[0.147,-0.569],[16.513,4.281],[2.814,10.856],[-3.303,0.855],[-0.588,-0.019]],"o":[[3.41,-0.109],[0.019,0.588],[-4.281,16.513],[-10.856,-2.814],[-0.855,-3.303],[0.569,-0.147],[0,0]],"v":[[23.723,-15.432],[30.094,-9.454],[29.901,-7.71],[-7.751,14.439],[-29.899,-7.71],[-25.466,-15.238],[-23.721,-15.432]],"c":true}]}],"ix":2},"nm":"Path 1","mn":"ADBE Vector Shape - Group","hd":false},{"ty":"fl","c":{"a":0,"k":[0.411764711142,0.109803922474,0.141176477075,1],"ix":4},"o":{"a":0,"k":100,"ix":5},"r":1,"bm":0,"nm":"Fill 1","mn":"ADBE Vector Graphic - Fill","hd":false},{"ty":"tr","p":{"a":0,"k":[250.185,268.705],"ix":2},"a":{"a":0,"k":[0,0],"ix":1},"s":{"a":0,"k":[100,100],"ix":3},"r":{"a":0,"k":0,"ix":6},"o":{"a":0,"k":100,"ix":7},"sk":{"a":0,"k":0,"ix":4},"sa":{"a":0,"k":0,"ix":5},"nm":"Transform"}],"nm":"Group 3","np":2,"cix":2,"bm":0,"ix":1,"mn":"ADBE Vector Group","hd":false}],"ip":0,"op":300,"st":0,"bm":0},{"ddd":0,"ind":7,"ty":4,"nm":"Hair","sr":1,"ks":{"o":{"a":0,"k":100,"ix":11},"r":{"a":0,"k":0,"ix":10},"p":{"a":0,"k":[250.017,177.68,0],"ix":2,"l":2},"a":{"a":0,"k":[0,0,0],"ix":1,"l":2},"s":{"a":0,"k":[100,100,100],"ix":6,"l":2}},"ao":0,"shapes":[{"ty":"gr","it":[{"ind":0,"ty":"sh","ix":1,"ks":{"a":1,"k":[{"i":{"x":0,"y":1},"o":{"x":0.333,"y":0},"t":16,"s":[{"i":[[0.759,11.952],[1.498,4.9],[1.229,8.458],[2.499,-0.548],[0.215,-0.082],[1.606,-0.494],[0.281,2.318],[2.562,-0.403],[0.264,-0.092],[16.786,-0.712],[0,0],[3.027,-42.317],[-1.331,-11.337],[-1.082,-5.59],[-0.741,4.263],[-10.502,19.892],[-15.67,0.27],[-14.806,5.337],[-0.556,-3.398],[-1.174,4.139],[-0.232,5.222]],"o":[[-0.308,-5.114],[1.964,-8.318],[-0.548,-2.499],[-0.224,0.049],[-1.483,0.556],[0.281,-2.318],[-0.403,-2.562],[-0.276,0.043],[-16.018,5.069],[0,0],[-37.622,0],[-0.756,11.39],[0.358,5.683],[1.112,4.448],[0.741,-4.263],[14.707,5.415],[15.733,0.397],[10.502,19.892],[0.556,3.398],[0.92,-5.145],[1.499,-11.882]],"v":[[71.026,-0.577],[68.308,-15.65],[69.42,-41.04],[63.902,-44.573],[63.242,-44.376],[58.547,-42.832],[58.547,-49.813],[53.18,-53.722],[52.37,-53.519],[2.948,-44.809],[-0.017,-44.809],[-70.998,-0.577],[-70.133,33.586],[-67.971,50.513],[-54.442,50.513],[-45.979,4.922],[-0.017,12.705],[46.192,5.23],[54.655,50.822],[68.184,50.822],[69.914,35.254]],"c":true}]},{"i":{"x":0,"y":1},"o":{"x":0.333,"y":0},"t":36,"s":[{"i":[[0.759,11.952],[1.498,4.9],[1.229,8.458],[2.499,-0.548],[0.215,-0.082],[1.606,-0.494],[0.281,2.318],[2.562,-0.403],[0.264,-0.092],[16.786,-0.712],[0,0],[3.027,-42.317],[-1.331,-11.337],[-1.082,-5.59],[-0.741,4.263],[-10.502,19.892],[-15.67,0.27],[-14.806,5.337],[-0.556,-3.398],[-1.174,4.139],[-0.232,5.222]],"o":[[-0.308,-5.114],[1.964,-8.318],[-0.548,-2.499],[-0.224,0.049],[-1.483,0.556],[0.281,-2.318],[-0.403,-2.562],[-0.276,0.043],[-16.018,5.069],[0,0],[-37.622,0],[-0.756,11.39],[0.358,5.683],[1.112,4.448],[0.741,-4.263],[14.707,5.415],[15.733,0.397],[10.502,19.892],[0.556,3.398],[0.92,-5.145],[1.499,-11.882]],"v":[[71.026,-0.577],[68.308,-15.65],[69.42,-41.04],[63.902,-44.573],[63.242,-44.376],[58.547,-42.832],[58.547,-49.813],[53.18,-53.722],[52.37,-53.519],[2.948,-44.809],[-0.017,-44.809],[-70.998,-0.577],[-70.133,33.586],[-67.971,50.513],[-61.192,50.455],[-52.729,4.864],[-6.767,12.648],[39.442,5.173],[47.905,50.764],[68.184,50.822],[69.914,35.254]],"c":true}]},{"i":{"x":0,"y":1},"o":{"x":0.333,"y":0},"t":46,"s":[{"i":[[0.759,11.952],[1.498,4.9],[1.229,8.458],[2.499,-0.548],[0.215,-0.082],[1.606,-0.494],[0.281,2.318],[2.562,-0.403],[0.264,-0.092],[16.786,-0.712],[0,0],[3.027,-42.317],[-1.331,-11.337],[-1.082,-5.59],[-0.741,4.263],[-10.502,19.892],[-15.67,0.27],[-14.806,5.337],[-0.556,-3.398],[-1.174,4.139],[-0.232,5.222]],"o":[[-0.308,-5.114],[1.964,-8.318],[-0.548,-2.499],[-0.224,0.049],[-1.483,0.556],[0.281,-2.318],[-0.403,-2.562],[-0.276,0.043],[-16.018,5.069],[0,0],[-37.622,0],[-0.756,11.39],[0.358,5.683],[1.112,4.448],[0.741,-4.263],[14.707,5.415],[15.733,0.397],[10.502,19.892],[0.556,3.398],[0.92,-5.145],[1.499,-11.882]],"v":[[71.026,-0.577],[68.308,-15.65],[69.42,-41.04],[63.902,-44.573],[63.242,-44.376],[58.547,-42.832],[58.547,-49.813],[53.18,-53.722],[52.37,-53.519],[2.948,-44.809],[-0.017,-44.809],[-70.998,-0.577],[-70.133,33.586],[-67.971,50.513],[-61.192,50.455],[-52.729,4.864],[-6.767,12.648],[39.442,5.173],[47.905,50.764],[68.184,50.822],[69.914,35.254]],"c":true}]},{"t":66,"s":[{"i":[[0.759,11.952],[1.498,4.9],[1.229,8.458],[2.499,-0.548],[0.215,-0.082],[1.606,-0.494],[0.281,2.318],[2.562,-0.403],[0.264,-0.092],[16.786,-0.712],[0,0],[3.027,-42.317],[-1.331,-11.337],[-1.082,-5.59],[-0.741,4.263],[-10.502,19.892],[-15.67,0.27],[-14.806,5.337],[-0.556,-3.398],[-1.174,4.139],[-0.232,5.222]],"o":[[-0.308,-5.114],[1.964,-8.318],[-0.548,-2.499],[-0.224,0.049],[-1.483,0.556],[0.281,-2.318],[-0.403,-2.562],[-0.276,0.043],[-16.018,5.069],[0,0],[-37.622,0],[-0.756,11.39],[0.358,5.683],[1.112,4.448],[0.741,-4.263],[14.707,5.415],[15.733,0.397],[10.502,19.892],[0.556,3.398],[0.92,-5.145],[1.499,-11.882]],"v":[[71.026,-0.577],[68.308,-15.65],[69.42,-41.04],[63.902,-44.573],[63.242,-44.376],[58.547,-42.832],[58.547,-49.813],[53.18,-53.722],[52.37,-53.519],[2.948,-44.809],[-0.017,-44.809],[-70.998,-0.577],[-70.133,33.586],[-67.971,50.513],[-54.442,50.513],[-45.979,4.922],[-0.017,12.705],[46.192,5.23],[54.655,50.822],[68.184,50.822],[69.914,35.254]],"c":true}]}],"ix":2},"nm":"Path 1","mn":"ADBE Vector Shape - Group","hd":false},{"ty":"fl","c":{"a":0,"k":[0.164705887437,0.160784319043,0.164705887437,1],"ix":4},"o":{"a":0,"k":100,"ix":5},"r":1,"bm":0,"nm":"Fill 1","mn":"ADBE Vector Graphic - Fill","hd":false},{"ty":"tr","p":{"a":0,"k":[0,0],"ix":2},"a":{"a":0,"k":[0,0],"ix":1},"s":{"a":0,"k":[100,100],"ix":3},"r":{"a":0,"k":0,"ix":6},"o":{"a":0,"k":100,"ix":7},"sk":{"a":0,"k":0,"ix":4},"sa":{"a":0,"k":0,"ix":5},"nm":"Transform"}],"nm":"Hair","np":2,"cix":2,"bm":0,"ix":1,"mn":"ADBE Vector Group","hd":false}],"ip":0,"op":300,"st":0,"bm":0},{"ddd":0,"ind":10,"ty":4,"nm":"Neck","sr":1,"ks":{"o":{"a":0,"k":100,"ix":11},"r":{"a":0,"k":0,"ix":10},"p":{"a":0,"k":[250,320.669,0],"ix":2,"l":2},"a":{"a":0,"k":[250,320.669,0],"ix":1,"l":2},"s":{"a":0,"k":[100,100,100],"ix":6,"l":2}},"ao":0,"shapes":[{"ty":"gr","it":[{"ty":"gr","it":[{"ind":0,"ty":"sh","ix":1,"ks":{"a":0,"k":{"i":[[-15.603,7.574],[0,0],[15.603,7.574],[0,0]],"o":[[0,0],[-15.603,7.574],[0,0],[15.603,7.574]],"v":[[24.711,-7.473],[24.711,1.793],[-24.711,1.793],[-24.711,-7.473]],"c":true},"ix":2},"nm":"Path 1","mn":"ADBE Vector Shape - Group","hd":false},{"ty":"fl","c":{"a":0,"k":[0.149019613862,0.133333340287,0.203921571374,1],"ix":4},"o":{"a":0,"k":100,"ix":5},"r":1,"bm":0,"nm":"Fill 1","mn":"ADBE Vector Graphic - Fill","hd":false},{"ty":"tr","p":{"a":0,"k":[0,0],"ix":2},"a":{"a":0,"k":[0,0],"ix":1},"s":{"a":0,"k":[100,100],"ix":3},"r":{"a":0,"k":0,"ix":6},"o":{"a":0,"k":100,"ix":7},"sk":{"a":0,"k":0,"ix":4},"sa":{"a":0,"k":0,"ix":5},"nm":"Transform"}],"nm":"Group 1","np":2,"cix":2,"bm":0,"ix":1,"mn":"ADBE Vector Group","hd":false},{"ty":"tr","p":{"a":0,"k":[250,313.566],"ix":2},"a":{"a":0,"k":[0,0],"ix":1},"s":{"a":0,"k":[100,100],"ix":3},"r":{"a":0,"k":0,"ix":6},"o":{"a":0,"k":20,"ix":7},"sk":{"a":0,"k":0,"ix":4},"sa":{"a":0,"k":0,"ix":5},"nm":"Transform"}],"nm":"Shadow of Head","np":1,"cix":2,"bm":0,"ix":1,"mn":"ADBE Vector Group","hd":false},{"ty":"gr","it":[{"ind":0,"ty":"sh","ix":1,"ks":{"a":0,"k":{"i":[[0,-0.021],[0,0],[1.967,-0.982],[0,0],[1.634,0.816],[0,0],[0.002,2.198],[0,0],[-3.207,0],[0,0],[-0.034,-3.207]],"o":[[0,0],[-0.002,2.198],[0,0],[-1.634,0.816],[0,0],[-1.967,-0.982],[0,0],[0,-3.207],[0,0],[3.207,-0.034],[0,0.021]],"v":[[24.711,-21.619],[24.711,12.173],[21.498,17.362],[2.595,26.814],[-2.595,26.814],[-21.498,17.362],[-24.711,12.173],[-24.711,-21.619],[-18.904,-27.426],[18.842,-27.426],[24.71,-21.681]],"c":true},"ix":2},"nm":"Path 1","mn":"ADBE Vector Shape - Group","hd":false},{"ty":"fl","c":{"a":0,"k":[1,0.823529422283,0.705882370472,1],"ix":4},"o":{"a":0,"k":100,"ix":5},"r":1,"bm":0,"nm":"Fill 1","mn":"ADBE Vector Graphic - Fill","hd":false},{"ty":"tr","p":{"a":0,"k":[250,320.669],"ix":2},"a":{"a":0,"k":[0,0],"ix":1},"s":{"a":0,"k":[100,100],"ix":3},"r":{"a":0,"k":0,"ix":6},"o":{"a":0,"k":100,"ix":7},"sk":{"a":0,"k":0,"ix":4},"sa":{"a":0,"k":0,"ix":5},"nm":"Transform"}],"nm":"Neck","np":2,"cix":2,"bm":0,"ix":2,"mn":"ADBE Vector Group","hd":false}],"ip":0,"op":300,"st":0,"bm":0},{"ddd":0,"ind":11,"ty":4,"nm":"Head","sr":1,"ks":{"o":{"a":0,"k":100,"ix":11},"r":{"a":0,"k":0,"ix":10},"p":{"a":0,"k":[249.938,229.041,0],"ix":2,"l":2},"a":{"a":0,"k":[0,0,0],"ix":1,"l":2},"s":{"a":0,"k":[100,100,100],"ix":6,"l":2}},"ao":0,"shapes":[{"ty":"gr","it":[{"ind":0,"ty":"sh","ix":1,"ks":{"a":0,"k":{"i":[[-70.796,0],[0,0],[0,-14.641],[8.34,-0.865],[0.06,-0.895],[15.938,-11.182],[19.557,13.796],[2.409,22.734],[0.895,0.06],[0,14.641],[-10.317,-0.865]],"o":[[70.734,0],[10.378,-1.05],[0,14.641],[-0.895,0.06],[-2.409,22.796],[-19.557,13.796],[-15.877,-11.182],[-0.06,-0.895],[-8.093,-0.803],[0,-14.641],[0.124,0]],"v":[[0.062,-82.765],[64.742,-16.108],[83.275,1.56],[68.757,20.093],[67.089,21.761],[32.618,72.418],[-32.618,72.418],[-67.089,21.761],[-68.757,20.093],[-83.275,1.56],[-65.113,-16.108]],"c":true},"ix":2},"nm":"Path 1","mn":"ADBE Vector Shape - Group","hd":false},{"ty":"fl","c":{"a":0,"k":[1,0.823529422283,0.705882370472,1],"ix":4},"o":{"a":0,"k":100,"ix":5},"r":1,"bm":0,"nm":"Fill 1","mn":"ADBE Vector Graphic - Fill","hd":false},{"ty":"tr","p":{"a":0,"k":[0,0],"ix":2},"a":{"a":0,"k":[0,0],"ix":1},"s":{"a":0,"k":[100,100],"ix":3},"r":{"a":0,"k":0,"ix":6},"o":{"a":0,"k":100,"ix":7},"sk":{"a":0,"k":0,"ix":4},"sa":{"a":0,"k":0,"ix":5},"nm":"Transform"}],"nm":"Head","np":2,"cix":2,"bm":0,"ix":1,"mn":"ADBE Vector Group","hd":false}],"ip":0,"op":300,"st":0,"bm":0},{"ddd":0,"ind":12,"ty":4,"nm":"TShirt","sr":1,"ks":{"o":{"a":0,"k":100,"ix":11},"r":{"a":0,"k":0,"ix":10},"p":{"a":0,"k":[250,370.464,0],"ix":2,"l":2},"a":{"a":0,"k":[250,370.464,0],"ix":1,"l":2},"s":{"a":0,"k":[100,100,100],"ix":6,"l":2}},"ao":0,"shapes":[{"ty":"gr","it":[{"ind":0,"ty":"sh","ix":1,"ks":{"a":0,"k":{"i":[[0,0],[0,0],[1.967,-0.982],[0,0],[1.631,0.826],[0,0],[0.002,2.198],[0,0],[0,0],[0,0],[-6.087,-2.997],[0,0],[-5.144,2.521],[0,0],[-0.207,6.924],[0,0]],"o":[[0,0],[-0.002,2.198],[0,0],[-1.631,0.826],[0,0],[-1.967,-0.982],[0,0],[0,0],[0,0],[0.092,6.784],[0,0],[5.144,2.521],[0,0],[6.327,-2.82],[0,0],[0,0]],"v":[[24.711,-18.026],[24.711,-9.254],[21.498,-4.065],[2.595,5.387],[-2.595,5.387],[-21.498,-4.065],[-24.711,-9.254],[-24.711,-18.026],[-37.066,-18.026],[-37.066,-9.254],[-26.996,6.684],[-8.463,16.136],[7.846,16.136],[26.379,6.684],[37.066,-9.254],[37.066,-18.026]],"c":true},"ix":2},"nm":"Path 1","mn":"ADBE Vector Shape - Group","hd":false},{"ty":"fl","c":{"a":0,"k":[1,1,1,1],"ix":4},"o":{"a":0,"k":100,"ix":5},"r":1,"bm":0,"nm":"Fill 1","mn":"ADBE Vector Graphic - Fill","hd":false},{"ty":"tr","p":{"a":0,"k":[250,342.158],"ix":2},"a":{"a":0,"k":[0,0],"ix":1},"s":{"a":0,"k":[100,100],"ix":3},"r":{"a":0,"k":0,"ix":6},"o":{"a":0,"k":10,"ix":7},"sk":{"a":0,"k":0,"ix":4},"sa":{"a":0,"k":0,"ix":5},"nm":"Transform"}],"nm":"Group 1","np":2,"cix":2,"bm":0,"ix":1,"mn":"ADBE Vector Group","hd":false},{"ty":"gr","it":[{"ind":0,"ty":"sh","ix":1,"ks":{"a":0,"k":{"i":[[0,0],[60.598,48.105],[0,0],[-25.006,-0.149],[0,0],[-7.183,-23.953]],"o":[[-60.598,48.105],[0,0],[7.183,-23.953],[0,0],[25.006,-0.149],[0,0]],"v":[[103.476,10.255],[-103.476,10.255],[-98.843,-6.178],[-44.541,-46.333],[44.541,-46.333],[98.843,-6.178]],"c":true},"ix":2},"nm":"Path 1","mn":"ADBE Vector Shape - Group","hd":false},{"ty":"fl","c":{"a":0,"k":[0.164705887437,0.160784319043,0.164705887437,1],"ix":4},"o":{"a":0,"k":100,"ix":5},"r":1,"bm":0,"nm":"Fill 1","mn":"ADBE Vector Graphic - Fill","hd":false},{"ty":"tr","p":{"a":0,"k":[250,370.464],"ix":2},"a":{"a":0,"k":[0,0],"ix":1},"s":{"a":0,"k":[100,100],"ix":3},"r":{"a":0,"k":0,"ix":6},"o":{"a":0,"k":100,"ix":7},"sk":{"a":0,"k":0,"ix":4},"sa":{"a":0,"k":0,"ix":5},"nm":"Transform"}],"nm":"Group 2","np":2,"cix":2,"bm":0,"ix":2,"mn":"ADBE Vector Group","hd":false}],"ip":0,"op":300,"st":0,"bm":0}]}],"layers":[{"ddd":0,"ind":1,"ty":4,"nm":"Plus Line 2","parent":3,"sr":1,"ks":{"o":{"a":0,"k":100,"ix":11},"r":{"a":0,"k":0,"ix":10},"p":{"a":0,"k":[0.067,0,0],"ix":2,"l":2},"a":{"a":0,"k":[0,0,0],"ix":1,"l":2},"s":{"a":0,"k":[100,100,100],"ix":6,"l":2}},"ao":0,"shapes":[{"ty":"gr","it":[{"ind":0,"ty":"sh","ix":1,"ks":{"a":0,"k":{"i":[[0,0],[0,0]],"o":[[0,0],[0,0]],"v":[[0,-24.027],[0,24.027]],"c":false},"ix":2},"nm":"Path 1","mn":"ADBE Vector Shape - Group","hd":false},{"ty":"st","c":{"a":0,"k":[1,1,1,1],"ix":3},"o":{"a":0,"k":100,"ix":4},"w":{"a":0,"k":17,"ix":5},"lc":2,"lj":1,"ml":10,"bm":0,"nm":"Stroke 1","mn":"ADBE Vector Graphic - Stroke","hd":false},{"ty":"tr","p":{"a":0,"k":[0,0],"ix":2},"a":{"a":0,"k":[0,0],"ix":1},"s":{"a":0,"k":[100,100],"ix":3},"r":{"a":0,"k":0,"ix":6},"o":{"a":0,"k":100,"ix":7},"sk":{"a":0,"k":0,"ix":4},"sa":{"a":0,"k":0,"ix":5},"nm":"Transform"}],"nm":"Plus Line","np":2,"cix":2,"bm":0,"ix":1,"mn":"ADBE Vector Group","hd":false}],"ip":0,"op":300,"st":0,"bm":0},{"ddd":0,"ind":2,"ty":4,"nm":"Plus Line","parent":3,"sr":1,"ks":{"o":{"a":0,"k":100,"ix":11},"r":{"a":0,"k":0,"ix":10},"p":{"a":0,"k":[0.067,0,0],"ix":2,"l":2},"a":{"a":0,"k":[0,0,0],"ix":1,"l":2},"s":{"a":0,"k":[100,100,100],"ix":6,"l":2}},"ao":0,"shapes":[{"ty":"gr","it":[{"ind":0,"ty":"sh","ix":1,"ks":{"a":0,"k":{"i":[[0,0],[0,0]],"o":[[0,0],[0,0]],"v":[[-24.027,0],[24.027,0]],"c":false},"ix":2},"nm":"Path 1","mn":"ADBE Vector Shape - Group","hd":false},{"ty":"st","c":{"a":0,"k":[1,1,1,1],"ix":3},"o":{"a":0,"k":100,"ix":4},"w":{"a":0,"k":17,"ix":5},"lc":2,"lj":1,"ml":10,"bm":0,"nm":"Stroke 1","mn":"ADBE Vector Graphic - Stroke","hd":false},{"ty":"tr","p":{"a":0,"k":[0,0],"ix":2},"a":{"a":0,"k":[0,0],"ix":1},"s":{"a":0,"k":[100,100],"ix":3},"r":{"a":0,"k":0,"ix":6},"o":{"a":0,"k":100,"ix":7},"sk":{"a":0,"k":0,"ix":4},"sa":{"a":0,"k":0,"ix":5},"nm":"Transform"}],"nm":"Plus Line","np":2,"cix":2,"bm":0,"ix":1,"mn":"ADBE Vector Group","hd":false}],"ip":0,"op":300,"st":0,"bm":0},{"ddd":0,"ind":3,"ty":4,"nm":"Plus Circle","sr":1,"ks":{"o":{"a":0,"k":100,"ix":11},"r":{"a":0,"k":0,"ix":10},"p":{"a":0,"k":[360.148,355.885,0],"ix":2,"l":2},"a":{"a":0,"k":[0,0,0],"ix":1,"l":2},"s":{"a":1,"k":[{"i":{"x":[0,0,0],"y":[1,1,1]},"o":{"x":[0.333,0.333,0.333],"y":[0,0,0]},"t":4,"s":[0,0,100]},{"t":24,"s":[100,100,100]}],"ix":6,"l":2}},"ao":0,"shapes":[{"ty":"gr","it":[{"d":1,"ty":"el","s":{"a":0,"k":[111.445,111.445],"ix":2},"p":{"a":0,"k":[0,0],"ix":3},"nm":"Ellipse Path 1","mn":"ADBE Vector Shape - Ellipse","hd":false},{"ty":"fl","c":{"a":0,"k":[0.223529413342,0.709803938866,0.290196090937,1],"ix":4},"o":{"a":0,"k":100,"ix":5},"r":1,"bm":0,"nm":"Fill 1","mn":"ADBE Vector Graphic - Fill","hd":false},{"ty":"tr","p":{"a":0,"k":[0,0],"ix":2},"a":{"a":0,"k":[0,0],"ix":1},"s":{"a":0,"k":[100,100],"ix":3},"r":{"a":0,"k":0,"ix":6},"o":{"a":0,"k":100,"ix":7},"sk":{"a":0,"k":0,"ix":4},"sa":{"a":0,"k":0,"ix":5},"nm":"Transform"}],"nm":"Plus Circle","np":2,"cix":2,"bm":0,"ix":1,"mn":"ADBE Vector Group","hd":false}],"ip":0,"op":300,"st":0,"bm":0},{"ddd":0,"ind":4,"ty":4,"nm":"Circle 2","td":1,"sr":1,"ks":{"o":{"a":1,"k":[{"i":{"x":[0],"y":[1]},"o":{"x":[0.333],"y":[0]},"t":0,"s":[0]},{"t":20,"s":[100]}],"ix":11},"r":{"a":0,"k":0,"ix":10},"p":{"a":0,"k":[250,249.999,0],"ix":2,"l":2},"a":{"a":0,"k":[0,0,0],"ix":1,"l":2},"s":{"a":1,"k":[{"i":{"x":[0,0,0],"y":[1,1,1]},"o":{"x":[0.333,0.333,0.333],"y":[0,0,0]},"t":0,"s":[80,80,100]},{"t":20,"s":[100,100,100]}],"ix":6,"l":2}},"ao":0,"shapes":[{"ty":"gr","it":[{"d":1,"ty":"el","s":{"a":0,"k":[333.594,333.594],"ix":2},"p":{"a":0,"k":[0,0],"ix":3},"nm":"Ellipse Path 1","mn":"ADBE Vector Shape - Ellipse","hd":false},{"ty":"fl","c":{"a":0,"k":[0.901960790157,0.905882358551,0.909803926945,1],"ix":4},"o":{"a":0,"k":100,"ix":5},"r":1,"bm":0,"nm":"Fill 1","mn":"ADBE Vector Graphic - Fill","hd":false},{"ty":"tr","p":{"a":0,"k":[0,0],"ix":2},"a":{"a":0,"k":[0,0],"ix":1},"s":{"a":0,"k":[100,100],"ix":3},"r":{"a":0,"k":0,"ix":6},"o":{"a":0,"k":100,"ix":7},"sk":{"a":0,"k":0,"ix":4},"sa":{"a":0,"k":0,"ix":5},"nm":"Transform"}],"nm":"Circle","np":2,"cix":2,"bm":0,"ix":1,"mn":"ADBE Vector Group","hd":false}],"ip":0,"op":300,"st":0,"bm":0},{"ddd":0,"ind":5,"ty":0,"nm":"Man","tt":1,"refId":"comp_0","sr":1,"ks":{"o":{"a":0,"k":100,"ix":11},"r":{"a":0,"k":0,"ix":10},"p":{"a":1,"k":[{"i":{"x":0,"y":1},"o":{"x":0.333,"y":0},"t":2,"s":[250,541,0],"to":[0,-48.5,0],"ti":[0,48.5,0]},{"t":22,"s":[250,250,0]}],"ix":2,"l":2},"a":{"a":0,"k":[250,250,0],"ix":1,"l":2},"s":{"a":0,"k":[100,100,100],"ix":6,"l":2}},"ao":0,"w":500,"h":500,"ip":0,"op":300,"st":0,"bm":0},{"ddd":0,"ind":6,"ty":4,"nm":"Circle","sr":1,"ks":{"o":{"a":1,"k":[{"i":{"x":[0],"y":[1]},"o":{"x":[0.333],"y":[0]},"t":0,"s":[0]},{"t":20,"s":[100]}],"ix":11},"r":{"a":0,"k":0,"ix":10},"p":{"a":0,"k":[250,249.999,0],"ix":2,"l":2},"a":{"a":0,"k":[0,0,0],"ix":1,"l":2},"s":{"a":1,"k":[{"i":{"x":[0,0,0],"y":[1,1,1]},"o":{"x":[0.333,0.333,0.333],"y":[0,0,0]},"t":0,"s":[80,80,100]},{"t":20,"s":[100,100,100]}],"ix":6,"l":2}},"ao":0,"shapes":[{"ty":"gr","it":[{"d":1,"ty":"el","s":{"a":0,"k":[333.594,333.594],"ix":2},"p":{"a":0,"k":[0,0],"ix":3},"nm":"Ellipse Path 1","mn":"ADBE Vector Shape - Ellipse","hd":false},{"ty":"fl","c":{"a":0,"k":[0.901960790157,0.905882358551,0.909803926945,1],"ix":4},"o":{"a":0,"k":100,"ix":5},"r":1,"bm":0,"nm":"Fill 1","mn":"ADBE Vector Graphic - Fill","hd":false},{"ty":"tr","p":{"a":0,"k":[0,0],"ix":2},"a":{"a":0,"k":[0,0],"ix":1},"s":{"a":0,"k":[100,100],"ix":3},"r":{"a":0,"k":0,"ix":6},"o":{"a":0,"k":100,"ix":7},"sk":{"a":0,"k":0,"ix":4},"sa":{"a":0,"k":0,"ix":5},"nm":"Transform"}],"nm":"Circle","np":2,"cix":2,"bm":0,"ix":1,"mn":"ADBE Vector Group","hd":false}],"ip":0,"op":300,"st":0,"bm":0}],"markers":[]}